"sep=,"
"=========================================================================================================="
"JASVI ENTERPRISES - INSTITUTIONAL WHOLESALE LEADS & REQUISITION TRACKER"
"Account: jasvienterprises28@gmail.com | Hub: Survey No. 193-1A1, OSS Roja Nagar, Zuzuvadi, Hosur - 635126"
"=========================================================================================================="
""
"--- [SECTION 1: 📥 NEW REQUISITIONS (PENDING REVIEW / QUOTE CREATION)] ---"
"Status","Lead ID","Received Date & Time","Organization / Company Name","Contact Person","Phone / WhatsApp","Email / GSTIN","Buyer Type","Delivery Location (Hosur / TN)","Requested Materials & Supplies","Estimated Volume / Special Notes"
"NEW","JE-LEAD-904128","03-Oct-2026 11:20:15","Apex Precision Tools Pvt Ltd","Ramesh Kumar (Purchase)","+91 98765 43210","purchase@apexprecision.in","Company","Plot 44, SIPCOT Phase II, Hosur","A4 Copier Paper (JK / Reams); Floor Cleaner 5L Cans; Heavy Duty Garbage Bags","Need 25 cartons A4 JK Paper & 10 cans 5L Floor cleaner monthly"
"NEW","JE-LEAD-841920","03-Oct-2026 12:05:40","St. Joseph Matriculation School","Sister Mary (Admin)","+91 94432 18765","admin@stjosephhosur.edu","School","Denkanikottai Road, Mathigiri, Hosur","Hardbound Registers & Files; Liquid Hand Soap & Sanitizers","Annual exam registers & monthly restroom sanitation restock"
"NEW","JE-LEAD-619284","03-Oct-2026 12:45:00","Titan Engineering Plant 2","Mohan Das (Stores Head)","+91 97890 12345","stores@titan.co.in","Factory","SIPCOT Phase I, Zuzuvadi, Hosur","Industrial Mops & Brooms; Disinfectant Concentrate 5L; Heavy Garbage Bags","Urgent restock for cleanroom and shopfloor sanitation"
""
""
"--- [SECTION 2: ✅ ACCEPTED REQUISITIONS (QUOTE SENT / DISPATCHED / FULFILLED)] ---"
"Status","Lead ID","Accepted Date & Time","Organization / Company Name","Contact Person","Phone / WhatsApp","Email / GSTIN","Buyer Type","Delivery Location (Hosur / TN)","Requested Materials & Supplies","Challan / Invoice #","Dispatch Remarks"
"ACCEPTED","JE-LEAD-512093","02-Oct-2026 16:30:00","Delta Electronics Hosur Hub","Karthik S (Facility)","+91 96543 21098","karthik@delta.com","Company","Kurubarapalli Industrial Area","Floor Cleaner 5L (20 Cans); Microfiber Mops (15 Units)","JE-INV-2026-089","Dispatched via Hosur local vehicle; Payment via NEFT"
"ACCEPTED","JE-LEAD-481920","01-Oct-2026 14:15:20","Krishnagiri Government College","Dr. Anbarasan (Registrar)","+91 98421 76543","registrar@kgc.ac.in","College","Bangalore Main Road, Krishnagiri","A4 Copier Paper (40 Cartons); File Folders (200 Units)","JE-CHAL-4412","Delivered with official delivery challan"
""
"=========================================================================================================="
"SUMMARY: 3 NEW INQUIRIES PENDING | 2 ORDERS ACCEPTED & DISPATCHED"
"=========================================================================================================="
